customer_id,first_name,last_name,email,city,signup_date
1,Fatima,Khan,fatima.khan1@example.com,Islamabad,2026-01-15
2,Hira,Iqbal,hira.iqbal2@example.com,Rawalpindi,2025-03-13
3,Fatima,Aslam,fatima.aslam3@example.com,Multan,2025-02-14
4,Nida,Khan,nida.khan4@example.com,Lahore,2025-01-16
5,Usman,Iqbal,usman.iqbal5@example.com,Multan,2025-09-16
6,Ali,Aslam,ali.aslam6@example.com,Rawalpindi,2025-04-12
7,Iqra,Chaudhry,iqra.chaudhry7@example.com,Faisalabad,2025-04-23
8,Tariq,Raza,tariq.raza8@example.com,Peshawar,2026-02-19
9,Ali,Butt,ali.butt9@example.com,Faisalabad,2025-12-24
10,Hamza,Raza,hamza.raza10@example.com,Karachi,2025-03-21
11,Hamza,Malik,hamza.malik11@example.com,Faisalabad,2025-02-17
12,Fatima,Sheikh,fatima.sheikh12@example.com,Islamabad,2026-03-10
13,Mahnoor,Raza,mahnoor.raza13@example.com,Lahore,2026-02-18
14,Faisal,Aslam,faisal.aslam14@example.com,Faisalabad,2025-03-05
15,Ahmed,Aslam,ahmed.aslam15@example.com,Peshawar,2025-05-31
16,Mahnoor,Sheikh,mahnoor.sheikh16@example.com,Karachi,2025-10-23
17,Ahmed,Khan,ahmed.khan17@example.com,Karachi,2025-12-05
18,Mariam,Malik,mariam.malik18@example.com,Karachi,2026-03-14
19,Fatima,Chaudhry,fatima.chaudhry19@example.com,Faisalabad,2025-05-23
20,Sana,Butt,sana.butt20@example.com,Islamabad,2025-07-09
21,Usman,Raza,usman.raza21@example.com,Rawalpindi,2025-12-26
22,Ahmed,Javed,ahmed.javed22@example.com,Karachi,2025-11-22
23,Iqra,Iqbal,iqra.iqbal23@example.com,Faisalabad,2025-03-25
24,Omar,Raza,omar.raza24@example.com,Rawalpindi,2026-04-19
25,Iqra,Iqbal,iqra.iqbal25@example.com,Islamabad,2025-12-17
26,Sara,Iqbal,sara.iqbal26@example.com,Lahore,2026-02-25
27,Hamza,Chaudhry,hamza.chaudhry27@example.com,Lahore,2025-05-18
28,Usman,Javed,usman.javed28@example.com,Rawalpindi,2026-03-25
29,Hamza,Iqbal,hamza.iqbal29@example.com,Faisalabad,2025-12-02
30,Omar,Farooq,omar.farooq30@example.com,Islamabad,2025-03-15
31,Bilal,Iqbal,bilal.iqbal31@example.com,Multan,2026-01-17
32,Iqra,Raza,iqra.raza32@example.com,Multan,2026-01-18
33,Nida,Javed,nida.javed33@example.com,Islamabad,2025-07-24
34,Hira,Butt,hira.butt34@example.com,Faisalabad,2025-09-18
35,Ahmed,Khan,ahmed.khan35@example.com,Lahore,2026-03-17
36,Bilal,Butt,bilal.butt36@example.com,Rawalpindi,2026-02-10
37,Nida,Javed,nida.javed37@example.com,Faisalabad,2025-02-02
38,Omar,Javed,omar.javed38@example.com,Multan,2025-08-28
39,Zain,Aslam,zain.aslam39@example.com,Lahore,2026-03-17
40,Fatima,Aslam,fatima.aslam40@example.com,Islamabad,2026-01-20
41,Hamza,Malik,hamza.malik41@example.com,Faisalabad,2025-05-31
42,Ayesha,Farooq,ayesha.farooq42@example.com,Rawalpindi,2025-01-02
43,Zain,Aslam,zain.aslam43@example.com,Karachi,2026-01-26
44,Adeel,Malik,adeel.malik44@example.com,Rawalpindi,2026-03-22
45,Mariam,Aslam,mariam.aslam45@example.com,Karachi,2025-11-08
46,Bilal,Sheikh,bilal.sheikh46@example.com,Karachi,2026-01-26
47,Iqra,Aslam,iqra.aslam47@example.com,Lahore,2026-04-16
48,Mahnoor,Sheikh,mahnoor.sheikh48@example.com,Lahore,2025-09-08
49,Fatima,Sheikh,fatima.sheikh49@example.com,Peshawar,2026-03-26
50,Mariam,Iqbal,mariam.iqbal50@example.com,Karachi,2025-01-30
