order_id,customer_id,order_date,status,total_amount
1,7,2025-02-18,completed,183.61
2,30,2025-07-30,completed,339.95
3,7,2025-11-27,completed,207.28
4,7,2025-06-23,pending,103.88
5,29,2025-10-02,pending,216.72
6,30,2025-05-23,pending,438.5
7,29,2025-02-08,completed,57.98
8,35,2025-11-30,completed,484.81
9,49,2026-04-20,pending,91.49
10,31,2025-09-06,pending,433.68
11,4,2026-04-08,pending,195.7
12,17,2025-07-19,completed,149.77
13,47,2025-12-23,completed,334.32
14,10,2025-09-07,pending,155.39
15,4,2026-05-11,completed,370.51
16,48,2025-02-01,cancelled,38.01
17,31,2025-10-27,completed,460.5
18,11,2025-09-29,completed,480.78
19,12,2025-02-11,completed,301.57
20,16,2025-12-12,completed,68.74
21,37,2026-04-01,pending,293.67
22,40,2025-01-21,completed,215.42
23,37,2025-10-26,completed,165.02
24,14,2025-05-14,cancelled,126.96
25,9,2025-07-22,cancelled,234.04
26,49,2026-04-21,completed,14.56
27,37,2025-11-15,completed,45.9
28,33,2025-04-20,cancelled,74.9
29,5,2025-06-28,pending,191.07
30,29,2025-03-22,completed,354.73
31,42,2025-11-10,completed,13.83
32,36,2026-02-23,cancelled,466.56
33,9,2025-02-23,cancelled,66.56
34,48,2025-02-24,completed,86.17
35,39,2025-05-25,pending,361.63
36,44,2025-04-15,cancelled,257.65
37,4,2025-05-09,completed,320.8
38,18,2026-03-01,completed,11.74
39,9,2026-01-30,cancelled,89.18
40,36,2025-08-15,completed,284.84
41,5,2025-02-27,pending,277.34
42,24,2026-03-04,completed,280.74
43,9,2025-08-09,completed,161.05
44,3,2026-04-06,cancelled,112.94
45,43,2025-05-08,completed,183.3
46,27,2025-10-14,completed,377.24
47,16,2026-04-19,pending,488.34
48,12,2026-02-20,completed,22.15
49,22,2026-01-13,completed,403.1
50,48,2026-03-19,pending,140.73
51,45,2026-02-08,completed,197.45
52,31,2025-01-20,pending,107.79
53,30,2026-04-16,cancelled,159.54
54,15,2026-02-12,pending,21.6
55,26,2025-04-09,cancelled,146.52
56,50,2025-02-05,cancelled,182.06
57,26,2025-09-18,completed,172.26
58,8,2025-01-15,cancelled,97.5
59,17,2026-05-08,completed,63.12
60,23,2025-08-11,cancelled,223.83
61,8,2025-09-19,completed,450.76
62,17,2025-04-08,completed,357.3
63,34,2025-01-01,completed,346.56
64,48,2026-04-27,pending,188.47
65,43,2025-02-05,cancelled,315.35
66,8,2025-12-06,cancelled,258.49
67,27,2025-12-08,cancelled,207.18
68,36,2025-06-01,pending,104.0
69,25,2025-12-07,pending,311.6
70,26,2025-06-04,completed,418.53
71,19,2025-06-05,pending,220.65
72,39,2025-10-24,cancelled,237.84
73,44,2025-08-15,pending,260.48
74,48,2026-02-11,pending,332.84
75,33,2025-05-26,completed,174.24
76,49,2026-02-24,pending,339.67
77,13,2025-04-26,pending,21.97
78,31,2025-05-06,completed,426.37
79,30,2025-02-07,completed,444.21
80,13,2025-10-22,completed,252.24
81,10,2025-05-05,completed,447.4
82,50,2026-03-17,completed,391.43
83,12,2025-04-23,completed,237.63
84,16,2025-10-13,completed,233.67
85,30,2026-02-15,completed,494.07
86,21,2025-11-01,completed,310.2
87,33,2026-01-04,completed,416.98
88,29,2025-10-08,pending,374.39
89,29,2025-09-01,cancelled,378.37
90,41,2026-03-07,cancelled,385.25
91,32,2025-09-24,pending,144.55
92,46,2025-02-09,cancelled,124.9
93,21,2025-06-21,completed,49.48
94,15,2025-03-19,completed,350.04
95,14,2025-12-28,completed,213.29
96,35,2025-06-19,completed,213.73
97,27,2025-04-16,completed,453.37
98,45,2025-10-27,completed,429.8
99,37,2026-01-27,completed,243.72
100,23,2026-04-28,cancelled,379.2
101,27,2026-03-13,completed,376.28
102,39,2025-10-07,pending,249.23
103,28,2025-05-20,completed,24.22
104,43,2025-06-22,completed,364.85
105,30,2026-03-07,pending,490.55
106,2,2025-10-01,completed,300.03
107,2,2025-12-06,completed,324.95
108,30,2025-03-11,pending,34.64
109,21,2025-07-14,pending,232.8
110,49,2025-06-22,completed,146.35
111,27,2026-05-03,cancelled,419.11
112,2,2025-08-29,completed,35.52
113,23,2026-05-03,pending,328.57
114,42,2026-02-04,completed,379.57
115,16,2026-05-02,pending,421.22
116,10,2025-11-15,pending,71.85
117,8,2025-12-09,completed,474.4
118,45,2025-08-27,cancelled,385.78
119,39,2025-03-27,completed,482.23
120,8,2026-01-03,pending,482.71
121,38,2025-02-25,completed,465.15
122,44,2025-10-22,completed,204.36
123,13,2026-01-02,completed,300.13
124,41,2026-03-02,pending,59.93
125,20,2026-01-31,completed,404.71
126,37,2026-02-12,completed,180.13
127,43,2025-08-08,cancelled,43.79
128,22,2025-11-28,completed,426.29
129,32,2026-02-26,completed,222.43
130,41,2025-07-05,completed,356.58
131,12,2025-08-11,completed,483.08
132,40,2025-05-19,completed,389.57
133,28,2025-08-27,completed,141.51
134,16,2026-03-13,completed,146.67
135,16,2025-08-19,completed,289.23
136,25,2025-12-09,cancelled,24.06
137,21,2026-03-12,pending,248.9
138,17,2025-07-01,cancelled,147.03
139,45,2025-11-02,cancelled,282.34
140,13,2025-09-22,completed,128.26
141,32,2025-07-28,completed,381.5
142,31,2025-12-20,completed,229.61
143,6,2025-01-09,cancelled,118.58
144,16,2025-12-21,cancelled,335.34
145,31,2025-07-08,completed,270.15
146,48,2025-08-06,completed,172.09
147,30,2025-12-26,cancelled,160.25
148,8,2025-04-29,pending,164.62
149,35,2026-01-16,pending,103.86
150,31,2026-01-14,cancelled,365.05
