payment_id,order_id,payment_date,amount,method
1,1,2026-05-16,382.5,cash_on_delivery
2,2,2025-02-21,417.99,cash_on_delivery
3,3,2025-04-27,186.83,cash_on_delivery
4,4,2025-01-08,356.93,debit_card
5,5,2025-05-21,32.3,credit_card
6,6,2025-10-11,153.15,debit_card
7,7,2025-11-23,435.55,bank_transfer
8,8,2025-02-22,437.63,cash_on_delivery
9,9,2025-08-29,244.57,cash_on_delivery
10,10,2025-04-05,483.09,cash_on_delivery
11,11,2026-04-27,432.24,credit_card
12,12,2026-02-25,42.02,bank_transfer
13,13,2025-02-07,292.74,credit_card
14,14,2025-03-19,83.11,cash_on_delivery
15,15,2025-02-13,497.02,credit_card
16,16,2025-10-13,384.58,debit_card
17,17,2026-02-02,266.06,bank_transfer
18,18,2026-04-11,226.93,bank_transfer
19,19,2025-06-06,288.63,credit_card
20,20,2025-11-09,480.45,credit_card
21,21,2026-05-01,383.74,debit_card
22,22,2025-05-16,333.61,debit_card
23,23,2025-05-03,95.17,credit_card
24,24,2025-03-22,11.31,bank_transfer
25,25,2025-12-19,300.97,cash_on_delivery
26,26,2025-01-17,123.42,cash_on_delivery
27,27,2025-12-26,431.21,credit_card
28,28,2025-12-18,124.38,cash_on_delivery
29,29,2026-02-08,397.71,debit_card
30,30,2025-08-06,66.24,debit_card
31,31,2025-11-28,83.0,cash_on_delivery
32,32,2026-02-28,79.7,credit_card
33,33,2025-03-26,398.39,cash_on_delivery
34,34,2025-08-13,70.93,cash_on_delivery
35,35,2025-12-25,207.23,cash_on_delivery
36,36,2025-09-14,274.59,bank_transfer
37,37,2025-02-11,303.04,bank_transfer
38,38,2026-01-12,167.94,cash_on_delivery
39,39,2025-01-14,54.75,credit_card
40,40,2026-01-27,339.42,cash_on_delivery
41,41,2025-10-23,29.71,debit_card
42,42,2025-08-29,264.29,bank_transfer
43,43,2026-04-15,146.3,bank_transfer
44,44,2025-11-22,408.98,credit_card
45,45,2025-08-29,180.5,cash_on_delivery
46,46,2025-06-14,338.37,debit_card
47,47,2025-06-18,211.71,bank_transfer
48,48,2025-05-28,334.67,bank_transfer
49,49,2026-02-21,382.64,credit_card
50,50,2025-08-21,53.15,cash_on_delivery
51,51,2025-06-15,66.8,bank_transfer
52,52,2026-03-19,262.15,credit_card
53,53,2025-12-03,435.99,bank_transfer
54,54,2025-07-31,36.56,cash_on_delivery
55,55,2025-11-15,380.66,bank_transfer
56,56,2026-01-25,35.29,cash_on_delivery
57,57,2025-10-09,74.2,cash_on_delivery
58,58,2025-08-13,441.61,bank_transfer
59,59,2025-03-04,24.15,debit_card
60,60,2025-12-30,87.61,credit_card
61,61,2025-10-10,209.92,debit_card
62,62,2026-03-07,457.34,bank_transfer
63,63,2026-04-30,67.56,debit_card
64,64,2025-09-13,467.0,cash_on_delivery
65,65,2025-09-18,355.65,bank_transfer
66,66,2026-03-04,246.42,bank_transfer
67,67,2025-05-05,233.83,debit_card
68,68,2025-07-16,103.4,debit_card
69,69,2026-03-19,44.21,bank_transfer
70,70,2025-06-24,467.78,cash_on_delivery
71,71,2026-02-25,11.26,cash_on_delivery
72,72,2026-03-05,297.6,bank_transfer
73,73,2026-03-20,82.81,bank_transfer
74,74,2025-06-26,172.9,bank_transfer
75,75,2025-08-22,467.1,debit_card
76,76,2025-12-24,127.01,bank_transfer
77,77,2025-04-30,429.45,bank_transfer
78,78,2025-01-23,165.91,bank_transfer
79,79,2025-12-28,457.58,bank_transfer
80,80,2025-07-17,494.32,debit_card
81,81,2025-09-11,482.76,debit_card
82,82,2025-09-15,483.02,cash_on_delivery
83,83,2026-03-22,59.18,bank_transfer
84,84,2025-02-21,267.72,bank_transfer
85,85,2025-01-08,364.0,bank_transfer
86,86,2026-03-22,330.84,debit_card
87,87,2025-02-08,240.05,cash_on_delivery
88,88,2025-06-23,315.4,bank_transfer
89,89,2025-11-29,49.35,cash_on_delivery
90,90,2026-03-13,340.44,bank_transfer
91,91,2026-05-04,165.16,bank_transfer
92,92,2026-03-23,275.1,credit_card
93,93,2025-05-01,319.27,cash_on_delivery
94,94,2025-04-27,375.92,bank_transfer
95,95,2026-05-16,58.24,credit_card
96,96,2025-08-16,91.52,cash_on_delivery
97,97,2026-04-08,24.18,cash_on_delivery
98,98,2026-02-12,37.5,cash_on_delivery
99,99,2025-07-11,221.04,debit_card
100,100,2025-09-29,211.91,debit_card
101,101,2025-03-29,95.78,bank_transfer
102,102,2025-11-14,344.74,bank_transfer
103,103,2026-04-13,295.75,debit_card
104,104,2025-08-25,322.57,bank_transfer
105,105,2025-05-11,336.75,bank_transfer
106,106,2026-04-07,150.94,debit_card
107,107,2025-02-07,226.45,cash_on_delivery
108,108,2025-10-28,156.59,bank_transfer
109,109,2025-12-20,132.55,cash_on_delivery
110,110,2025-04-12,499.69,bank_transfer
111,111,2025-02-24,126.23,cash_on_delivery
112,112,2025-10-22,154.98,cash_on_delivery
113,113,2025-01-12,489.19,bank_transfer
114,114,2025-05-21,13.97,credit_card
115,115,2026-04-12,307.14,bank_transfer
116,116,2026-03-03,453.04,cash_on_delivery
117,117,2026-02-02,401.44,cash_on_delivery
118,118,2025-04-23,321.94,cash_on_delivery
119,119,2025-12-14,380.23,debit_card
120,120,2025-11-18,57.61,credit_card
121,121,2025-06-08,396.42,credit_card
122,122,2025-10-24,188.78,debit_card
123,123,2025-02-16,455.72,cash_on_delivery
124,124,2026-01-18,213.6,debit_card
125,125,2025-03-09,395.39,cash_on_delivery
126,126,2025-09-29,255.88,cash_on_delivery
127,127,2026-03-02,90.63,bank_transfer
128,128,2026-05-11,405.18,cash_on_delivery
129,129,2026-02-16,66.43,credit_card
130,130,2025-03-14,379.53,debit_card
131,131,2026-03-17,341.4,bank_transfer
132,132,2026-05-11,424.41,cash_on_delivery
133,133,2025-02-16,397.43,credit_card
134,134,2025-05-16,272.92,bank_transfer
135,135,2025-07-08,339.69,cash_on_delivery
136,136,2025-10-27,196.7,cash_on_delivery
137,137,2025-02-25,340.67,bank_transfer
138,138,2025-01-13,313.58,cash_on_delivery
139,139,2026-04-14,308.94,credit_card
140,140,2025-11-22,413.69,cash_on_delivery
141,141,2025-11-29,210.06,debit_card
142,142,2025-01-24,473.67,cash_on_delivery
143,143,2025-09-10,66.9,debit_card
144,144,2026-03-31,273.4,bank_transfer
145,145,2025-08-21,191.8,bank_transfer
146,146,2025-10-28,373.71,debit_card
147,147,2026-03-30,213.29,credit_card
148,148,2026-03-03,249.78,bank_transfer
149,149,2026-04-26,476.25,credit_card
150,150,2025-12-20,191.56,bank_transfer
