product_id,product_name,category,price,stock_quantity
1,Wireless Mouse,Beauty,142.31,53
2,Bluetooth Speaker,Sports,75.47,45
3,Cotton T-Shirt,Beauty,116.05,75
4,Rice 5kg,Sports,73.92,291
5,Face Wash,Grocery,43.43,456
6,Running Shoes,Beauty,66.36,118
7,LED Lamp,Beauty,114.51,363
8,Yoga Mat,Grocery,108.38,214
9,Coffee Mug,Sports,99.23,234
10,Backpack,Beauty,70.47,136
11,Notebook Set,Grocery,14.28,20
12,Sunglasses,Beauty,85.32,311
13,Water Bottle,Grocery,6.04,372
14,Desk Organizer,Sports,13.54,44
15,Phone Case,Electronics,129.65,46
16,Wall Clock,Beauty,39.51,352
17,Cooking Pan,Home,36.06,77
18,Hair Dryer,Sports,140.65,302
19,Wrist Watch,Beauty,73.54,411
20,Table Fan,Home,122.09,107
